ID ;Age;Sex;Genotype;Vol_Brain;Vt_Thalamus_L;Vt_Thalamus_R;Vt_Putamen_L;Vt_Putamen_R;Vt_Cerebellum_L;Vt_Cerebellum_R;Vt_Occipital_Lobe_L;Vt_Occipital_Lobe_R;Vt_Temporal_Lobe_L;Vt_Temporal_Lobe_R;Vt_Frontal_Lobe_L;Vt_Frontal_Lobe_R;Vt_Parietal_Lobe_L;Vt_Parietal_Lobe_R;Vol_Thalamus_L;Vol_Thalamus_R;Vol_Putamen_L;Vol_Putamen_R;Vol_Cerebellum_L;Vol_Cerebellum_R;Vol_Occipital_Lobe_L;Vol_Occipital_Lobe_R;Vol_Temporal_Lobe_L;Vol_Temporal_Lobe_R;Vol_Frontal_Lobe_L;Vol_Frontal_Lobe_R;Vol_Parietal_Lobe_L;Vol_Parietal_Lobe_R
1;46;male;MAB;1507664;2,809804439;2,990225114;2,595731862;2,427039501;2,657567149;2,69417178;2,474108351;2,504569649;2,724963441;2,650270755;2,318861573;2,27402151;2,297650449;2,247562923;10648;10008;5368;5192;46840,59885;52485,68154;42565,58683;46875,57924;61892,42719;64732,01951;80632,69496;80974,87538;49765,71275;49557,27352
2;35;male;MAB;1669368;4,072408556;3,322508846;4,231311506;3,850598411;4,033257013;4,429796946;5,421027611;5,46926382;4,491921137;4,482608253;5,03077898;3,897847829;4,343148381;4,007088011;11952;10960;5456;5080;55756,48957;56771,79944;47204,74005;49004,01858;69436,14528;70682,35712;88017,29148;89505,51118;58003,64265;58175,43873
3;30;male;MAB;1659104;1,792187624;2,034677138;1,758814806;1,904921336;1,718270236;1,690401401;1,78474143;1,702059528;1,724560614;1,770608235;1,678410646;1,675980328;1,588484735;1,606722108;12384;11064;5120;5144;58218,48187;59859,95648;45670,43407;47475,20281;69710,15314;69484,9296;85483,39329;83908,6481;49552,94411;52881,94823
4;52;male;MAB;1600032;1,419522653;1,389326686;1,827330802;1,44181485;1,950562357;1,500941434;1,604180658;1,514868041;1,599128125;1,468838444;1,35336442;1,39632439;1,516029479;1,474362294;10688;9592;4712;4560;49199,50095;51760,44228;43206,49667;44274,88889;64977,76071;69409,9492;84409,4795;83502,9069;52206,34034;54089,50908
5;57;male;MAB;1517144;2,507633695;2,401454351;2,175075301;2,160771738;2,560243141;2,5472805;2,286514502;2,230988886;2,492148652;2,480872855;2,14975776;2,256764039;2,20391779;2,192250621;11000;10272;4824;4560;51605,05403;51318,34029;39068,99055;40222,87297;54449,10126;55515,54838;75839,50252;76573,77708;44742,30853;45851,45369
6;60;female;MAB;1351128;2,860402108;2,887860892;2,844408041;2,974839209;3,14263909;3,188327399;3,271187129;3,396074271;3,299049543;3,324467127;3,487654311;3,766365541;3,349081556;3,444605967;9832;9128;4456;4216;47413,43025;47445,80673;38961,47681;37616,66105;53058,95216;55913,9484;73220,77296;73083,07883;47055,03023;47889,6342
7;60;female;MAB;1553864;4,456879393;3,960538003;3,590817043;4,435394431;4,386841247;4,647664242;4,341628956;4,117199959;4,507030098;4,50416883;4,164678509;4,111037712;4,312683556;4,330687404;10784;9920;4896;4560;51672,37953;50656,12849;39107,04545;38510,90424;63558,74886;65954,67057;79882,51453;82951,91079;52104,31681;53207,3757
8;56;female;MAB;1450288;3,03728176;3,310493998;3,354128201;3,270099656;2,695630933;2,971989461;3,074565747;3,027147404;3,130052347;3,252675208;2,763948738;2,680296103;2,798260076;2,807500449;9224;8568;4416;4520;41843,8613;41896,72405;40073,53962;40957,90046;61589,39972;62527,97233;68230,68639;68344,97659;44503,75165;41835,5162
9;44;female;HAB;1414216;6,178934732;2698546,595;1931500,149;128,8651873;1296713,6;393227033,2;3291981,625;2308204,461;4602073,588;47100,21978;5238498,816;163041,3696;11073033,01;1190016,028;9368;8872;4496;4328;44931,20266;46807,2812;36362,79431;36424,47274;57982,84264;61342,81147;75381,27505;77572,27125;43848,84965;43924,14377
10;45;male;HAB;1619896;185,5540861;4,790420709;4751,326313;813391,6722;552773303,1;2442312269;534294,3189;5554412,854;75907,0348;4597780,602;10997427,12;12780730,4;40668627,11;44876283,04;10672;10192;5096;4848;55700,89741;57382,81124;49800,41079;49504,47352;65380,30191;66381,58824;85911,28351;83979,3932;53051,92471;55355,42288
11;20;male;HAB;1471200;6,13524944;6,131035032;4,825157141;4,92029331;5,378536899;5,488158643;5,292113886;5,099259889;5,280355558;5,129781972;4,931356754;5,045532793;5,294605976;5,206148469;9864;9432;5280;5168;50230,68532;53556,20709;43777,94769;45124,14385;67847,43931;67758,56087;86724,17768;87639,97381;54484,4895;55030,1209
12;24;male;HAB;1664784;3,906238152;3,808279286;3,322834702;3,129658993;3,775569166;3,72461061;3,536759728;3,447297543;3,688536099;3,608583781;3,572361519;3,72604684;3,499098873;3,670254392;11920;11160;5880;5352;60534,12123;61986,95269;49638,84215;52263,90897;78345,91836;80430,15378;88360,16209;88588,24053;58959,25055;61997,90171
13;21;female;HAB;1398616;7,190721468;7,23438403;5,871750959;5,65064633;6,444710349;6,357745883;5,987656174;5,960397446;5,911414792;6,050533821;6,05935308;5,967471896;5,666491623;5,713395166;9960;9296;5072;4784;49973,74413;50417,57161;41480,69265;42658,41821;62537,54095;64837,36854;82139,29898;83702,05985;52306,73251;54654,40323
14;20;male;HAB;1682216;2,785002768;2,704100451;2,341977816;2,248375875;2,376765686;2,480301143;2,542128156;2,496425705;2,433092586;2,480186914;2,505263784;2,570231622;2,800324693;2,822417023;11656;11200;5912;5712;55022,65423;55655,28172;47740,23812;49390,84214;75167,53386;79228,93018;106066,4533;106643,9279;61596,96051;65705,72938
15;26;male;HAB;1419984;2,829526017;2,738319796;2,273099511;2,356234076;2,468777228;2,372955404;2,546719218;2,497740551;2,49784818;2,489672888;2,414658895;2,40414731;2,314216634;2,336214399;9776;9232;5208;4872;51171,92459;51107,48538;37881,38263;39334,96703;66475,9255;66966,30984;81442,73423;83746,95397;50840,66183;52800,09724
16;23;female;HAB;1393048;4,841422492;4,822968106;3,817500281;3,869997758;4,147473946;4,149565082;4,137291642;4,038009715;4,138445972;4,1287327;3,954110399;4,013840698;4,02046558;4,005215764;9696;8848;4888;4448;51454,05794;52229,11681;37682,48066;37889,16303;57316,39555;61368,75657;80983,25185;79382,90666;47358,71653;47700,89694
17;28;male;HAB;1516208;6,168523203;5,934239209;6,602785601;5,723795436;6,520289212;6,726389096;5,852900543;6,04005487;6,325204972;6,462408991;5,722327316;5,847476765;5,701753547;5,584902603;10600;10104;4944;4728;51180,17558;52486,49722;40349,61807;42671,56331;62804,99195;65741,77644;81399,37736;81084,61656;46747,0459;50602,01084
18;21;male;HAB;1840168;4,150456577;4,804488168;3,921727252;3,508580873;4,183228318;4,07538414;3,907696964;4,037983261;4,155454212;4,142520437;3,984603228;4,070350614;3,771125683;3,78163975;13808;12632;6424;6008;66645,87061;68002,01186;51792,59914;52776,28547;83568,97749;84220,67949;103796,0846;101562,7668;63017,85471;62721,85469
19;21;male;HAB;1496568;4,729270694;4,110626717;3,924742098;4,483353442;4,427164813;4,214746517;4,243515892;4,201076141;4,201108322;4,214255912;4,183785885;4,096475917;4,081927798;4,156125881;10168;9648;5368;5056;50706,09825;51283,43316;38049,94838;40304,85133;66832,13247;70949,5694;91165,91596;93415,694;50588,47505;53232,6533
20;26;female;HAB;1472208;4,103801694;3,958321824;3,250531726;3,388303359;3,725607223;3,642871281;3,332729227;3,315698577;3,538526446;3,701150092;3,407547739;3,368525738;3,195520726;3,18853161;10032;9296;5024;4688;52254,02662;52279,43839;42516,77114;42162,38681;66921,38435;69686,49824;86926,68749;86702,4365;53093,6502;53686,56004
21;20;male;HAB;1656824;8,538881742;6,234232297;4,350955519;5,015638345;5,143987583;5,116171166;5,352508781;6,164769372;5,113302296;5,39787286;5,403014837;5,516993098;5,332215303;5,273392647;11696;10984;5728;5560;61141,90166;63224,88217;49044,1127;49655,75196;74564,17696;76487,28295;102657,9825;102110,908;61449,22716;62503,97232
22;25;male;MAB;1650192;3,421479698;3,460018779;3,475072209;3,585170104;3,255418575;3,378411094;3,512762082;3,503292471;3,318423276;3,422081484;3,185006949;3,309162968;3,256663717;3,41879181;11664;10944;6160;5936;64808,12932;63602,41945;48718,24602;49759,28137;75452,80446;74387,17303;95474,42133;94010,45262;58928,06623;62092,96053
23;26;female;HAB;1538440;6,768339133;6,421688571;5,548668023;5,273781676;5,80575533;6,002268549;5,111105674;5,273936345;5,469553062;5,536221989;5,297036931;5,406381966;5,114187715;5,176038536;10200;9440;5384;5168;56478,40334;56351,43863;46813,02238;47789,52439;67916,80402;69366,78057;95587,70761;92706,17019;60300,30161;63229,87041
24;24;female;HAB;1502640;6,067623959;6,702679659;5,319282318;5,119930942;6,36830069;6,417477216;5,466911264;5,428701545;5,566206672;5,592194936;5,557438991;5,397295305;5,555416914;5,416589385;10176;9656;5680;5016;55513,57191;56414,43471;45088,47325;46236,08117;68221,61972;67653,96479;86193,41686;85769,66782;54844,0503;56282,01117
25;24;female;HAB;1457872;7,545509537;7,214623785;5,868570657;6,404978501;6,109210386;6,042570328;5,984667827;5,949613543;6,115629572;5,976132996;5,96012056;6,027341649;5,615301389;5,508307511;10032;9368;5016;4720;56379,86216;57688,34851;37858,95126;40534,0573;62068,89779;61036,48988;88241,98169;87455,91105;48814,8421;49533,58724
26;24;male;HAB;1579984;4,666160967;4,985665877;3,681108174;3,430684844;3,711706885;3,589864632;3,796298492;3,727400739;3,667187357;3,725498442;3,718350734;3,69242028;3,822795759;3,724006958;10592;9976;5872;5384;55976,37978;56826,57591;46839,90865;47200,25377;72386,98467;75078,37307;96431,7861;94879,786;53677,36788;54638,87382
27;24;female;MAB;1420144;2,938500032;2,762322629;2,614043734;2,603661656;2,507120702;2,551886561;2,763755527;2,853139636;2,87035363;2,777636364;2,709824687;2,686587748;2,66608337;2,692396941;8872;8336;4872;4552;52443,14036;51719,03051;41494,05736;44897,19481;65142,18424;63972,80378;90925,33871;89697,35432;51436,83441;51372,86578
28;23;male;HAB;1514432;5,858516079;6,017392255;5,362713343;4,724299349;5,134383389;5,30560205;4,985104698;4,89958834;4,952586293;4,937740394;4,915372169;4,887629558;4,781633483;4,710359728;10256;9696;4720;4536;55860,05036;57156,96024;44040,44182;47283,95574;68220,6158;70306,79631;92437,43292;89840,09943;54540,33264;55135,46993
29;18;male;HAB;1667312;3,822960453;4,147193382;3,058937045;3,246489356;3,618604131;3,745034111;3,211124505;3,169370926;3,460371126;3,501729929;3,304954397;3,27462948;3,209642697;3,182167004;10936;10408;6232;5824;59270,62311;59742,93687;48508,74012;49734,37157;77904,75755;78431,78503;101789,5276;98217,44895;58383,87796;59422,27802
30;52;male;HAB;1779784;3,752647023;3,977434885;3,296252429;3,49155987;3,673302531;3,783467354;3,690164685;3,777232187;3,969302451;4,114991886;3,840236434;3,828339901;3,613153827;3,755382858;12664;11216;5440;5008;54089,91692;53279,94041;47704,12831;48565,08523;66985,72945;69766,27864;83756,02064;86143,18941;49483,07744;52814,18352
31;46;male;HAB;1772840;3,624647675;3,51558269;2,935070633;2,770880156;3,347877308;3,43740248;3,071909162;2,996016697;3,456008991;3,315679419;3,004209467;2,920408247;3,039369979;2,846971247;12352;11400;6024;5736;55650,8975;58252,85765;47345,02474;48087,38837;71020,53706;75426,53207;94347,36723;91962,34126;53389,58839;55599,74204
32;47;male;HAB;1589232;3,835706743;3,554268511;3,670512122;3,023109154;3,738382009;3,769887748;3,369446391;3,364860431;3,623835581;3,679110738;3,407916845;3,391327755;3,406521964;3,312484192;10656;10088;5240;5000;55810,89505;57764,67762;43925,76462;46514,56871;67562,05879;67742,33728;82629,10924;83393,06628;48037,51413;51664,33357
33;42;male;HAB;1595264;4,856402501;4,913972188;3,928037398;3,781018514;4,075069096;4,032011036;3,827306185;3,897143927;4,169398663;4,331261402;3,866805147;3,893923168;3,823902154;3,845807788;10696;10136;5272;4840;52199,12466;53864,03456;50640,59907;51929,38346;68949,52565;70697,51006;88623,56603;88085,49541;57859,61126;61171,7997
34;28;male;HAB;1452504;3,173273622;2,902839042;2,589378066;7,634100671;2,938096236;3,046842898;3,194241942;3,139347113;3,061856891;3,21451291;2,908932767;2,866397093;2,934591986;2,922588725;9736;9512;5064;4800;52409,88465;54613,72589;40793,6251;41348,58535;62327,32648;63891,86501;74215,14438;76089,92816;46434,03869;49202,77753
35;38;male;HAB;1507904;5,016387335;5,055496159;4,114957885;4,687410665;4,430234711;4,310298146;3,942503576;4,100318202;4,240474242;4,420381997;4,404733173;4,397373343;4,097764039;4,206813594;9952;9240;5024;4616;53393,57179;53703,062;44347,70458;45772,99094;68139,73736;70827,0787;86782,06003;85999,91097;53488,66199;55002,29345
36;59;female;HAB;1524208;6,159993525;6,763884833;6,333406493;6,110594655;6,355800377;6,414412225;6,035953033;6,143845391;6,290744505;6,271696121;6,014391326;5,998526254;5,620258852;5,707211997;10984;10376;4952;4744;46959,65768;45804,45761;44252,95948;43144,9751;65525,24309;66436,55295;77829,4948;77264,31829;51185,50891;53095,03059
37;57;female;HAB;1349112;4,736124639;5,012879371;3,998339326;4,291440167;4,522833035;4,527811788;4,235999857;4,251776857;4,416286677;4,482213378;4,267044099;4,453987902;4,065926779;4,194303393;9624;9104;4936;4496;45949,14782;46039,46939;36865,97865;38655,71993;53735,4071;52954,13646;70035,67473;67801,35303;43227,42216;42807,93979
38;59;male;HAB;1885168;7,111229549;6,820994453;6,782420424;6,657560486;6,895822983;6,885446263;6,479323139;6,677996883;6,830034666;7,076735062;6,121070166;6,272475417;5,973977776;5,887536852;12680;12432;5984;5392;58148,58383;59018,92114;49064,6931;51329,94813;79360,44391;81396,86756;95283,7076;97692,49205;61043,23498;60953,41537
39;63;male;HAB;1469520;7,322031502;7,301269958;7,355136931;6,906011008;5,894059044;5,924270695;5,839251934;5,858284564;6,65204543;6,733848175;6,533817298;6,534317593;5,766808832;5,830217553;9720;9392;4832;4400;50844,52065;49597,8696;34754,19813;35624,3472;57565,58772;59107,7682;77308,67908;77965,08696;45838,33997;47639,97144
40;62;male;HAB;1412784;5,566780669;5,542411929;5,687539358;5,504684946;5,794998475;5,749881531;4,950621197;4,789063403;6,16672407;5,77112957;5,399333929;5,244968397;4,877493812;4,703901544;9704;9488;4584;3992;51250,95205;50051,57943;33512,0961;37047,21788;55315,517;55667,4229;63647,59592;63345,07041;38244,08069;40215,65728
41;26;male;MAB;1676384;2,96596697;3,026153879;2,611397662;2,703020333;2,802659811;2,720596532;2,531681513;2,502334864;2,59161644;2,62248274;2,477229948;2,499711156;2,386294564;2,375038533;11616;11352;5408;5088;53539,17179;53092,33255;46054,62233;48371,17149;74293,52596;73704,72593;94728,66443;96499,17433;59928,81923;60019,70551
42;26;male;MAB;1878376;2,562879995;2,900426488;2,327160468;4,089067939;2,951974289;2,710494464;2,884943914;2,809152205;2,933106991;3,08690818;2,710711281;2,554595503;2,665386224;2,794319602;13648;12608;6656;5848;61536,81933;64670,68618;52427,07761;53344,53649;81884,93033;86313,07177;109519,3163;108299,1437;69296,12959;70706,57673
43;30;male;MAB;1772048;5,75178942;5,716989792;4,921817953;5,023185336;5,077639982;4,930154551;4,865148163;4,971031323;5,018035473;4,932676502;5,053886835;4,932027742;4,735316656;4,674192103;12360;11248;5968;5656;65022,87443;65772,39605;49014,27741;51282,95205;76568,22414;80464,91456;98853,27643;95904,6645;59742,30942;61750,56051
44;24;male;MAB;1353032;7,665266305;7,372238156;6,354314114;6,227007788;7,511841904;7,408991887;6,394197676;6,448791719;6,491362501;6,674814114;6,232560584;6,353697326;6,048752911;6,046623286;9344;8800;4528;4112;48223,90873;48418,16757;39006,65329;38546,76306;58267,57992;58739,32896;77501,83988;75168,75739;44673,16343;47252,08123
45;26;male;MAB;1507608;3,983727483;4,0820143;2,88846387;3,088726359;3,564452785;3,48537919;3,441043873;3,497551115;3,407527977;3,450511056;3,395781854;3,364819214;3,430373153;3,364161895;10328;9656;5216;5064;56149,76486;57502,40039;43413,49121;44487,34976;65541,74599;66283,45338;83294,97404;81907,90153;48270,38556;48938,18783
46;24;male;MAB;1608680;3,228298149;2,795687701;2,248887246;2,35863909;2,491557403;2,545495045;2,412719462;2,38732979;2,58008285;2,486223413;2,496596153;2,454804664;2,405910155;2,393961673;11464;10616;5240;4944;56446,43471;55931,23468;42067,82994;45013,71247;69466,10607;70131,76885;96124,30372;97607,53518;54211,42281;55480,91309
47;20;female;MAB;1329568;4,381831595;4,533706157;3,842411066;3,4777798;3,884677123;3,877854346;3,500029412;3,518077006;3,800918174;3,8837358;3,499830062;3,521600388;3,306790687;3,316830762;9144;8408;4496;4064;46346,54392;46395,01451;36958,52768;36487,09235;60077,24277;63887,62731;78958,40467;78218,8909;49948,74021;50443,48534
48;19;male;MAB;1917624;1,904953583;2,010094681;1,596050212;1,711959028;1,82279487;1,88145639;2,121840296;2,134118482;1,979556223;1,929257617;2,178204582;2,203770807;2,346993334;2,395476628;14200;13144;6368;6224;67776,81969;70492,92966;54936,50521;57611,73674;86336,38158;87423,53458;113679,3165;115912,2578;71046,87479;70626,41986
49;25;male;MAB;1584360;1,966427451;2,172607372;2,348983206;2,082466367;2,503015944;2,295391183;2,751198252;2,6045781;2,394960225;2,413076616;2,563786886;2,533237655;2,765387783;2,642952673;12128;11152;5912;5432;59202,8584;60216,66238;45461,83798;45766,49682;70987,01596;74360,78871;86069,84038;87326,02869;54500,36401;57200,59946
50;29;female;HAB;1479248;6,457171093;7,156423025;6,047468359;5,982724647;6,077443692;6,038332371;5,65329745;5,724435468;5,896923272;6,02019041;5,927575685;5,869636332;5,524004111;5,51065332;9960;9224;4992;4760;45767,90859;44325,46144;44145,85359;43950,27711;70873,41596;73810,1377;87258,29536;86711,91101;51812,9913;51550,21481
51;20;male;HAB;1676800;2,958408812;3,182270246;2,500501565;2,31260924;2,779833608;2,748789668;2,66568869;2,616807318;2,703924266;2,660127779;2,438447083;2,536286853;2,559155984;2,434910085;11696;11280;5672;5496;58388,92894;58435,92502;46610,16746;48500,7715;78203,5811;80246,05965;101441,0413;104330,014;61940,86641;63214,05864
52;23;female;MAB;1392880;3,336165852;3,518730425;2,74126547;2,882487896;2,979097717;2,999448774;2,890980491;2,945245313;3,242398554;3,14841103;3,080400054;3,014161081;2,97805399;2,942748074;9488;9088;5160;4656;48500,17542;50317,90101;38795,51602;40750,43378;61102,27812;64094,34105;81879,28327;82006,93818;53213,33648;52950,90509
53;45;female;MAB;1321312;5,41057285;5,533164343;4,390722502;4,319960368;5,131121646;5,075670828;4,478109371;4,456555653;4,656827737;4,70138028;4,582117934;4,579324288;4,458359149;4,391390578;8992;8608;4480;4304;46859,39101;48343,65776;35303,02954;35727,24917;58501,39954;58209,47795;75481,25937;74139,83184;46040,44194;47454,49692
54;33;male;HAB;1622256;4,097478246;4,227120737;3,267189384;3,099823672;4,054352801;3,986842571;3,272553209;3,277300262;3,503014812;3,458051223;3,284534585;3,236462207;2,982270988;2,938139409;11384;10840;5248;4976;54050,98359;56480,5053;44995,20266;45942,74782;68927,37663;68986,16879;90081,10337;90022,40532;53089,50902;53131,39138
55;29;male;MAB;1506440;2,070819708;2,135611707;1,762868628;1,858654572;1,811370408;1,773832938;2,09731125;1,906171209;1,927963982;1,944437961;1,945496226;2,019725129;2,029030063;1,937400168;11264;10416;5632;5464;23763,92297;22796,20527;42520,69271;43758,74769;68688,69426;69676,23941;88895,25232;88358,7817;54461,55616;55477,77583
56;23;male;HAB;1925144;4,00064882;4,056240573;3,639439679;3,58866609;4,378178298;4,363926734;4,044585467;4,088463213;4,163739137;4,499321721;3,796880618;3,889099637;3,902264808;3,952434406;13936;12680;6448;6192;61746,2311;62536,78801;51025,41478;53014,43451;87268,36595;87965,18167;119399,7561;112187,3949;71388,92971;74900,11423
57;25;female;HAB;1421448;4,075315796;4,097939907;3,397515192;3,251685322;4,063681105;4,125803041;3,380393855;3,474590761;3,621309581;3,686557906;3,506291161;3,509786204;3,290549848;3,262213265;10072;9640;5208;4904;54259,20321;55343,68955;41998,27699;42778,76331;63295,28217;64322,48224;86177,10314;89495,94255;53951,43848;56816,4112
58;23;female;HAB;1418072;3,772711458;3,794897621;3,150919096;3,129807201;3,742718789;3,659871044;3,476303121;3,463760425;3,612004711;3,590565971;3,407185981;3,350133954;3,40267746;3,314016356;10192;9552;4752;4656;43903,03005;43916,48887;40879,5632;41963,13974;61414,68598;62647,97233;77984,85167;77500,45949;47970,70088;51275,29715
59;25;male;HAB;1596168;3,833283811;4,156111869;3,441699053;3,354743078;3,853123791;3,859870529;3,677449342;3,831032944;3,82769459;3,831670073;3,664054505;3,711759562;3,627802809;3,531857983;12520;10928;5808;5296;52923,2345;54036,30123;45561,35171;46339,45372;65502,15289;68652,58445;90379,1426;90365,9975;53275,92472;54783,62677
60;27;female;HAB;1390848;4,816312457;4,955944566;3,824402866;4,259616489;4,5396969;4,568669919;4,21431018;4,235116437;4,251882946;4,266703625;4,162065352;4,189717122;4,003973222;3,894275495;10224;9736;4688;4504;52486,65408;51422,52853;37417,35123;37411,82966;56652,83472;58921,25839;71916,80425;71846,59248;45274,2615;45892,14389
61;23;male;HAB;1555736;3,871690154;3,772393597;3,187389536;3,226308634;3,570286944;3,632682517;3,79408854;3,566261843;3,6376954;3,62800908;3,476053503;3,459175684;3,439212236;3,33219903;10888;10424;5904;5496;52846,37175;55070,96796;45526,6223;46517,55569;67845,90205;68836,99231;91565,77796;90457,44849;58160,25442;59848,28589
62;21;female;HAB;1502960;4,479588342;4,500207404;3,550942017;4,426109671;4,326136782;4,342732855;4,214732202;4,31991938;4,469423518;4,525440924;4,068616659;4,097945368;4,674886216;4,580502904;10176;9656;5680;5016;55513,57191;56414,43471;45088,47325;46236,08117;68221,61972;67653,96479;86193,41686;85769,66782;54844,0503;56282,01117
63;34;male;HAB;1636144;4,396923727;4,137385443;3,909272997;4,609050878;4,128806302;4,026261299;3,642129232;3,883221812;3,766231386;3,818294429;3,43128933;3,517032559;3,456000888;3,463132844;11272;10632;5448;4848;53260,1757;53684,89729;41090,324;42585,03781;64866,76462;66833,82356;91240,19363;92988,33491;54170,10516;57060,52102
64;26;male;HAB;1501480;4,056987241;4,893499981;3,474545479;3,334840402;4,014410001;4,346537351;3,976163145;3,781011458;3,840752838;3,727841992;3,60583309;3,645039742;3,709366601;3,598468973;10384;9656;5520;4960;52932,20705;53401,82277;42145,06916;42715,45351;64982,96855;66625,32159;90004,17787;88072,97776;57030,90533;55793,38369
65;20;female;HAB;1335072;3,656007034;3,404332055;3,011771243;3,179183624;3,364438959;3,336337243;3,27705478;3,175704181;3,755568662;3,525796698;3,261732611;3,277423227;3,063770252;3,027883684;8984;8896;4784;4608;44896,88109;45311,62621;35429,83739;37606,90418;56624,37982;58825,44662;76930,10651;76835,45552;44874,54383;45502,55955
66;28;male;HAB;1514496;6,525695212;6,481257905;5,728959127;5,576368413;5,658176424;5,571994706;5,078246819;5,113907801;5,132681731;5,177596262;5,508175971;5,453662513;5,074554257;5,037767762;10408;10032;5200;4448;56071,53273;57032,94455;42263,84564;42218,98289;67158,7177;69443,86293;92013,37015;89693,4955;54576,06597;53847,68946
67;26;male;HAB;1434416;3,4143469;3,7017932;2,781963095;2,897182147;3,218356326;3,288599672;2,82738493;2,935713471;2,867320412;2,93513153;2,807170052;2,825325869;2,534190855;2,657758416;10416;9912;4792;4648;45794,92036;46500,74;38392,97482;38272,47285;60691,36045;62147,23505;80929,91851;78750,71838;45479,56347;46471,90863
68;34;male;HAB;1721376;4,055402516;4,035725719;3,586032578;3,557675078;3,999320665;3,966751998;4,013328574;3,921555767;3,584558427;3,649946417;3,803437724;3,834073953;3,679278204;3,65892462;12144;11144;6296;6056;63145,72922;66064,75685;45488,09681;47596,39497;74279,8789;74957,30639;94684,77423;95411,08015;59168,75644;59746,57608
69;26;male;HAB;1472208;3,179088565;3,203218169;2,578157268;2,871777934;3,044761664;3,068008368;2,592263162;2,605322951;2,743039166;2,985981747;2,60433159;2,676162904;2,564977647;2,559244769;9712;8968;4848;4624;47127,71557;49341,9004;37357,58398;39657,58;61393,74703;61808,11568;83398,90994;82704,17059;47712,80036;47600,61457
70;43;male;HAB;1749224;4,61572658;4,838960638;4,25943086;4,255530045;4,32509204;4,244061134;4,231615845;4,114585004;4,125124849;4,137687194;4,278306811;4,216093611;4,208634968;4,166925532;12864;12000;5552;5304;52184,12858;53125,24236;45389,43014;48330,44992;75857,79272;77857,54186;103236,7434;102592,6963;59839,87805;60519,78397
71;29;male;HAB;1655064;2,383499095;2,481119539;2,215761956;2,263930345;2,489849902;2,488241448;2,530944562;2,454056846;2,338719245;2,331389727;2,393258603;2,357514116;2,359096122;2,448795279;11472;10488;5752;5256;55229,93268;55796,92879;48246,34011;47648,12831;79039,43997;78104,63207;109040,7908;107251,2691;60375,12514;62312,72525
72;26;male;HAB;1515000;2,561510113;2,49072668;2,242057771;2,07465018;2,278748982;2,335166037;2,488945609;2,266034346;2,264725644;2,174053412;1,998548575;1,96363908;2,132569226;2,043059815;9800;9544;4992;4584;51610,13639;54596,08166;41529,72795;44029,86927;67905,03931;67123,32946;89048,50723;86304,75805;52108,70896;52827,89332
